"","company","asset_beta"
"1","COP",1.03102914799275
"2","EOG",1.06460347053293
"3","APA",1.37309798149455
"4","MRO",1.08779830832731
"5","MUR",1.25644489819557
"6","PXD",1.00247239139286
